title	video_url	thumnail_url
【ゼルダの伝説神々のトライフォース】人生初ゼルダ人生初クリアメイド【レトロゲーム】	https://www.youtube.com/watch?v=7CsQE5AW064	https://i.ytimg.com/vi/7CsQE5AW064/hqdefault_live.jpg
【ポケットモンスタークリスタル】完全初見人生縛り、新たなる舞台へ #1【レトロゲーム】	https://www.youtube.com/watch?v=pKMChq9XPJo	https://i.ytimg.com/vi/pKMChq9XPJo/hqdefault_live.jpg
【おしゃべりキング！】脳内で会話してるやつが最強ってわけ【コミュ力診断ゲーム】	https://www.youtube.com/watch?v=vSGFrRaMSrk	https://i.ytimg.com/vi/vSGFrRaMSrk/hqdefault.jpg
【メタルギアソリッド2】完全初見MGS2！雷電くん、インターネットを守ってくれ【SONS OF LIBERTY】	https://www.youtube.com/watch?v=9R2dwC-3-cI	https://i.ytimg.com/vi/9R2dwC-3-cI/hqdefault.jpg
【FF1】これがファイナルファンタジーかあ！テンション上がるなあ〜 #2 (ネタバレ注意)【FINALFANTASY】	https://www.youtube.com/watch?v=PG7jCQUQFBw	https://i.ytimg.com/vi/PG7jCQUQFBw/hqdefault.jpg
【朝活】ネムサウルスの襲来【雑談】	https://www.youtube.com/watch?v=XPObJdCcSmg	https://i.ytimg.com/vi/XPObJdCcSmg/hqdefault.jpg
【ロックマンX4】初期アバターエックスの冒険【レトロゲーム】	https://www.youtube.com/watch?v=3P5N12TUeYM	https://i.ytimg.com/vi/3P5N12TUeYM/hqdefault.jpg
【ゼルダの伝説神々のトライフォース】クリア間近か！？失った謎解きマスターの肩書きを求めて【レトロゲーム】	https://www.youtube.com/watch?v=cfVJmgNsmnY	https://i.ytimg.com/vi/cfVJmgNsmnY/hqdefault.jpg
【メタルギアソリッド2】完全初見MGS2！雷電！もう大佐んとこ抜けようぜ！【SONS OF LIBERTY】	https://www.youtube.com/watch?v=Yb-YJI0ebXk	https://i.ytimg.com/vi/Yb-YJI0ebXk/hqdefault.jpg
【バイオハザードRE:2】サクッとDLCをクリアして気持ちよくなろう【BIOHAZARD RE:2】	https://www.youtube.com/watch?v=dHY5BmZ0qiw	https://i.ytimg.com/vi/dHY5BmZ0qiw/hqdefault.jpg
【ロックマンX4】完全初見！とにかく駆け回りたいメイド【レトロゲーム】	https://www.youtube.com/watch?v=2ZnaiFKVuP0	https://i.ytimg.com/vi/2ZnaiFKVuP0/hqdefault.jpg
【雑談】千年に一度の夜雑談	https://www.youtube.com/watch?v=QAngmM8dPqY	https://i.ytimg.com/vi/QAngmM8dPqY/hqdefault.jpg
【歌枠】ぶいきゃすコレクション前に、歌う【朝活】	https://www.youtube.com/watch?v=gMb7rloHeRE	https://i.ytimg.com/vi/gMb7rloHeRE/hqdefault.jpg
【メタルギアソリッド2】完全初見MGS2！頑張れ雷電くん【SONS OF LIBERTY】	https://www.youtube.com/watch?v=feNu4wfO5uk	https://i.ytimg.com/vi/feNu4wfO5uk/hqdefault.jpg
【FF1】人生初のファイナルファンタジーに触れるメイド #1 (ネタバレ注意)【FINALFANTASY】	https://www.youtube.com/watch?v=aenEmHNWObs	https://i.ytimg.com/vi/aenEmHNWObs/hqdefault.jpg
【朝活】朝なんだろうね氷室【雑談】	https://www.youtube.com/watch?v=xhfyzIZjIyE	https://i.ytimg.com/vi/xhfyzIZjIyE/hqdefault.jpg
【バーガーバーガー】エンディングを見る為にMを倒す【レトロゲーム】	https://www.youtube.com/watch?v=TcTO2pQSp6M	https://i.ytimg.com/vi/TcTO2pQSp6M/hqdefault.jpg
【ゼルダの伝説神々のトライフォース】人生初！謎解き最強！謎解き最強！【レトロゲーム】	https://www.youtube.com/watch?v=B-5gCvOKL-w	https://i.ytimg.com/vi/B-5gCvOKL-w/hqdefault.jpg
【メタルギアソリッド2】完全初見MGS2！プラント編開始のメイド【SONS OF LIBERTY】	https://www.youtube.com/watch?v=CnUND2Q5hjA	https://i.ytimg.com/vi/CnUND2Q5hjA/hqdefault.jpg
【ポケットモンスター赤】 最終回、全滅を経て四天王へ【レトロゲーム】	https://www.youtube.com/watch?v=3QqJNGRsAJ4	https://i.ytimg.com/vi/3QqJNGRsAJ4/hqdefault.jpg
【朝活】司書室うつろの朝談話【星めぐり24ｈ】	https://www.youtube.com/watch?v=4Pqp1egKxE8	https://i.ytimg.com/vi/4Pqp1egKxE8/hqdefault.jpg
【スーパーワギャンランド】スーパーワイワイウギャンランド【レトロゲーム】	https://www.youtube.com/watch?v=XiBHb-agU-g	https://i.ytimg.com/vi/XiBHb-agU-g/hqdefault.jpg
【メタルギアソリッド2】完全初見MGS2！とことん味わい尽くすメイド【SONS OF LIBERTY】	https://www.youtube.com/watch?v=APl6Z5LGGco	https://i.ytimg.com/vi/APl6Z5LGGco/hqdefault.jpg
【マリオ2】8面に舞い戻るメイド【スーパーマリオブラザーズ2】	https://www.youtube.com/watch?v=QRbLtDuhdaI	https://i.ytimg.com/vi/QRbLtDuhdaI/hqdefault.jpg
【朝活】北海道旅行から帰宅したメイド【雑談】	https://www.youtube.com/watch?v=96plBeaOdJY	https://i.ytimg.com/vi/96plBeaOdJY/hqdefault.jpg
【ゼルダの伝説神々のトライフォース】人生初！マスターソードで全てを破壊する【レトロゲーム】	https://www.youtube.com/watch?v=QcKaYCmA0oA	https://i.ytimg.com/vi/QcKaYCmA0oA/hqdefault.jpg
【バーガーバーガー】もう実直なバーガーしか作らない【レトロゲーム】	https://www.youtube.com/watch?v=BPB5HHUX0P0	https://i.ytimg.com/vi/BPB5HHUX0P0/hqdefault.jpg
【ゼルダの伝説神々のトライフォース】人生初！あるかもしれないゼルダ筋を求めて【レトロゲーム】	https://www.youtube.com/watch?v=f0mINNQcniI	https://i.ytimg.com/vi/f0mINNQcniI/hqdefault.jpg
【バイオハザードRE:2】完全初見でDLCをやっていくでございますよ！【BIOHAZARD RE:2】	https://www.youtube.com/watch?v=14dgarywH8A	https://i.ytimg.com/vi/14dgarywH8A/hqdefault.jpg
【メタルギアソリッド】二周目。オセロットに服従したルートをやって全てを見る【METALGEARSOLID】	https://www.youtube.com/watch?v=P6tDVEe8CWQ	https://i.ytimg.com/vi/P6tDVEe8CWQ/hqdefault.jpg
【歌枠】このまま歌わなくなりかけていた氷室うつろ【朝活】	https://www.youtube.com/watch?v=moFeXVhtKl0	https://i.ytimg.com/vi/moFeXVhtKl0/hqdefault.jpg
【朝活】語り合おう氷室【雑談】	https://www.youtube.com/watch?v=YylWk6B6b1c	https://i.ytimg.com/vi/YylWk6B6b1c/hqdefault.jpg
【クラッシュバンディクーレーシング】泣きのリベンジでクラッシュと吠える【レトロゲーム】	https://www.youtube.com/watch?v=Sujr0YkvmXw	https://i.ytimg.com/vi/Sujr0YkvmXw/hqdefault.jpg
【バーガーバーガー】ここにバーガー千年帝国を築くでございます【レトロゲーム】	https://www.youtube.com/watch?v=C0dPLKe2kUY	https://i.ytimg.com/vi/C0dPLKe2kUY/hqdefault.jpg
【ゼルダの伝説神々のトライフォース】人生初！ゼルダの伝説にとうとう触れるメイド【レトロゲーム】	https://www.youtube.com/watch?v=YEmzBMny_Jc	https://i.ytimg.com/vi/YEmzBMny_Jc/hqdefault.jpg
【ポケモンスナップ】撮るか、ポケモンの写真ってやつを【レトロゲーム】	https://www.youtube.com/watch?v=ukQLIPqiBNU	https://i.ytimg.com/vi/ukQLIPqiBNU/hqdefault.jpg
【クラッシュバンディクーレーシング】クラッシュが喋るレースゲーム【レトロゲーム】	https://www.youtube.com/watch?v=frFzuZ9xVzM	https://i.ytimg.com/vi/frFzuZ9xVzM/hqdefault.jpg
【クラッシュ・バンディクー2】喋らなくなってしまったクラッシュを救いに行く【レトロゲーム】	https://www.youtube.com/watch?v=Bzy8WNlkJcU	https://i.ytimg.com/vi/Bzy8WNlkJcU/hqdefault.jpg
【メタルギアソリッド】完全初見MGS！20世紀最高のシナリオを味わい尽くす【METALGEARSOLID】	https://www.youtube.com/watch?v=dAXuYljvPig	https://i.ytimg.com/vi/dAXuYljvPig/hqdefault.jpg
【不思議のダンジョン 風来のシレン外伝 女剣士アスカ見参!】配信外でボスまで行って負けた女【レトロゲーム】	https://www.youtube.com/watch?v=cVVsSBiSHF0	https://i.ytimg.com/vi/cVVsSBiSHF0/hqdefault.jpg
【朝活】コメントとの対話【雑談】	https://www.youtube.com/watch?v=JoqzOVhb-Y8	https://i.ytimg.com/vi/JoqzOVhb-Y8/hqdefault.jpg
【バーガーバーガー】新装開店！最強のハンバーガーショップを作るメイド【レトロゲーム】	https://www.youtube.com/watch?v=x4o3I7VPxT0	https://i.ytimg.com/vi/x4o3I7VPxT0/hqdefault.jpg
【メタルギアソリッド】完全初見MGS！この物語を味わい尽くす【METALGEARSOLID】	https://www.youtube.com/watch?v=zp1xOiuK6sA	https://i.ytimg.com/vi/zp1xOiuK6sA/hqdefault.jpg
【ロックマンX3】完全初見で歴代最強らしいシグマを倒す【レトロゲーム】	https://www.youtube.com/watch?v=NdRDoqJvVYY	https://i.ytimg.com/vi/NdRDoqJvVYY/hqdefault.jpg
【クラッシュバンディクー2】とうとう2を始めるぞ！ヤ゛ッダァア゛ァイ！！【コルテックスのぎゃくしゅう！】	https://www.youtube.com/watch?v=GfL6QiHyZh0	https://i.ytimg.com/vi/GfL6QiHyZh0/hqdefault.jpg
【不思議のダンジョン 風来のシレン外伝 女剣士アスカ見参!】おやすみだし昼からシレンやっちゃお〜【レトロゲーム】	https://www.youtube.com/watch?v=Ytc19a22OYc	https://i.ytimg.com/vi/Ytc19a22OYc/hqdefault.jpg
【ペプシマン】なぜか超プレミアのついている謎のゲームを遊ぶ【PEPSIMAN】	https://www.youtube.com/watch?v=kNQn5ldhRN4	https://i.ytimg.com/vi/kNQn5ldhRN4/hqdefault.jpg
【メタルギアソリッド】完全初見MGS！本気で考察し、スニーキングする【METALGEARSOLID】	https://www.youtube.com/watch?v=T_QM-iZFR_0	https://i.ytimg.com/vi/T_QM-iZFR_0/hqdefault.jpg
【光神話パルテナの鏡】これをクリア出来たら誇らしいぞ【レトロゲーム】	https://www.youtube.com/watch?v=QEvR6s4cx9c	https://i.ytimg.com/vi/QEvR6s4cx9c/hqdefault.jpg
【朝活】夏も終わってしまって朝活【雑談】	https://www.youtube.com/watch?v=rYTyytseAqY	https://i.ytimg.com/vi/rYTyytseAqY/hqdefault.jpg
【ロックマンX3】完全初見で残り4ボスなフットパーツメイド【レトロゲーム】	https://www.youtube.com/watch?v=TorEo5xTok0	https://i.ytimg.com/vi/TorEo5xTok0/hqdefault.jpg
【メタルギアソリッド】完全初見MGS！メイドよ、侵入せよ【METALGEARSOLID】	https://www.youtube.com/watch?v=paoaGeezUaw	https://i.ytimg.com/vi/paoaGeezUaw/hqdefault.jpg
【ポケットモンスター赤】 一ヶ月前に全滅した人生縛り、復活【レトロゲーム】	https://www.youtube.com/watch?v=_edHUuMfufo	https://i.ytimg.com/vi/_edHUuMfufo/hqdefault.jpg
【悪代官】正義の味方を罠で粉砕、悪代官よ永遠なれ【レトロゲーム】	https://www.youtube.com/watch?v=S6VcquEM8Ac	https://i.ytimg.com/vi/S6VcquEM8Ac/hqdefault.jpg
【光神話パルテナの鏡】あまりにも遠い天界【レトロゲーム】	https://www.youtube.com/watch?v=M_xizwAFifQ	https://i.ytimg.com/vi/M_xizwAFifQ/hqdefault.jpg
【朝活】コメントを読みのびのび朝活【雑談】	https://www.youtube.com/watch?v=LJVS96LM7fg	https://i.ytimg.com/vi/LJVS96LM7fg/hqdefault.jpg
【ロックマンX3】鍛え上げたロックマンX筋を見せる時がきたでございます【レトロゲーム】	https://www.youtube.com/watch?v=XlgRazMmOYo	https://i.ytimg.com/vi/XlgRazMmOYo/hqdefault.jpg
【不思議のダンジョン 風来のシレン外伝 女剣士アスカ見参!】ローグライク最強メイド その2【レトロゲーム】	https://www.youtube.com/watch?v=Q6O9Ua8WGz4	https://i.ytimg.com/vi/Q6O9Ua8WGz4/hqdefault.jpg
【悪代官】悪代官になって正義の味方どもと戦うゲーム【レトロゲーム】	https://www.youtube.com/watch?v=haVH3_RePSs	https://i.ytimg.com/vi/haVH3_RePSs/hqdefault.jpg
【ぼくのなつやすみ2】さよならカスのおねえちゃん、最終回【海の冒険篇】	https://www.youtube.com/watch?v=kk7o8uJPu50	https://i.ytimg.com/vi/kk7o8uJPu50/hqdefault.jpg
キッズの家に遊びに来るカスのおねえちゃん	https://www.youtube.com/watch?v=ChO4doJBm3Y	https://i.ytimg.com/vi/ChO4doJBm3Y/hqdefault.jpg
【光神話パルテナの鏡】高難易度天使アクションをやっていこうじゃないか【レトロゲーム】	https://www.youtube.com/watch?v=zZiowr6Wl_4	https://i.ytimg.com/vi/zZiowr6Wl_4/hqdefault.jpg
【雑談】帯広ばんえい競馬「氷室うつろ8/23生誕記念」レースを見よう！	https://www.youtube.com/watch?v=BrcB0xKsssk	https://i.ytimg.com/vi/BrcB0xKsssk/hqdefault.jpg
【朝活】氷室うつろ補充枠	https://www.youtube.com/watch?v=GjkAoJEau1s	https://i.ytimg.com/vi/GjkAoJEau1s/hqdefault.jpg
【セプテントリオン】誰でもいいから誰か助けて沈没する船から脱出しよう！【Septentrion】	https://www.youtube.com/watch?v=mE17w_M31ms	https://i.ytimg.com/vi/mE17w_M31ms/hqdefault.jpg
【朝活】おはよう氷室【雑談】	https://www.youtube.com/watch?v=4WZpIAvyKoE	https://i.ytimg.com/vi/4WZpIAvyKoE/hqdefault.jpg
【アスカ見参！】全てのシレンジャーの憧れに挑むメイド その1【不思議のダンジョン 風来のシレン外伝 女剣士アスカ見参!】	https://www.youtube.com/watch?v=A4mdeUBfPkI	https://i.ytimg.com/vi/A4mdeUBfPkI/hqdefault.jpg
【悪代官】悪代官になって小うるさい正義の味方どもを倒すゲーム【レトロゲーム】	https://www.youtube.com/watch?v=e5FfH9mvu6M	https://i.ytimg.com/vi/e5FfH9mvu6M/hqdefault.jpg
【ヨッシーアイランド】完全初見、子連れ狼【レトロゲーム】	https://www.youtube.com/watch?v=_ve22QsZgVM	https://i.ytimg.com/vi/_ve22QsZgVM/hqdefault.jpg
【氷室うつろ生誕祭2025】8月23日、初めての誕生日！ご主人様〜！お祝いしてくださいませ〜！	https://www.youtube.com/watch?v=0JCxdZj8QjY	https://i.ytimg.com/vi/0JCxdZj8QjY/hqdefault.jpg
【セプテントリオン】伝説のゲームでバースデーカウントダウンをするメイド【レトロゲーム】	https://www.youtube.com/watch?v=OFl_f2_xFNY	https://i.ytimg.com/vi/OFl_f2_xFNY/hqdefault.jpg
【ぼくのなつやすみ2】カスのおねえちゃんとキッズのなつやすみ、三週目【海の冒険篇】	https://www.youtube.com/watch?v=luPDJTrzdqY	https://i.ytimg.com/vi/luPDJTrzdqY/hqdefault.jpg
【朝活】いっぱい喋って遠くに行こう朝活【雑談】	https://www.youtube.com/watch?v=0tqbUdO174A	https://i.ytimg.com/vi/0tqbUdO174A/hqdefault.jpg
【スーパードンキーコング】3時間でどこまでいけるかチャレンジ【レトロゲーム】	https://www.youtube.com/watch?v=S_w3X6A7q4Q	https://i.ytimg.com/vi/S_w3X6A7q4Q/hqdefault.jpg
【バイオハザードRE:2】クレア裏をやり、悪を打ち倒す【RESIDENT EVIL】	https://www.youtube.com/watch?v=h3G8-UpAqLw	https://i.ytimg.com/vi/h3G8-UpAqLw/hqdefault.jpg
【マリオ2】負けるな！8面を諦めないメイド【スーパーマリオブラザーズ2】	https://www.youtube.com/watch?v=f0GMiT32a_Q	https://i.ytimg.com/vi/f0GMiT32a_Q/hqdefault.jpg
【朝活】見守っていたら3万人記念配信になった配信【雑談】	https://www.youtube.com/watch?v=o7C0cU75nOI	https://i.ytimg.com/vi/o7C0cU75nOI/hqdefault.jpg
【ヨッシーアイランド】100点を目指しつつ仲良く頑張るぞ！【レトロゲーム】	https://www.youtube.com/watch?v=cELxpzFHHgY	https://i.ytimg.com/vi/cELxpzFHHgY/hqdefault.jpg
【ドラゴンボールZ超武闘伝2】ベジータなどを操作してはしゃぐだけの配信【レトロゲーム】	https://www.youtube.com/watch?v=ltD10iG57dY	https://i.ytimg.com/vi/ltD10iG57dY/hqdefault.jpg
【帰ってきた魔界村】4面から！シリーズ最新作にして最高難易度に挑むメイド【氷室うつろ】	https://www.youtube.com/watch?v=nclw9pBtXHg	https://i.ytimg.com/vi/nclw9pBtXHg/hqdefault.jpg
【#バイオハザードRE2】クレア裏編開始！真エンディングを目指していくメイド【BIOHAZARD RE:2】	https://www.youtube.com/watch?v=x5yrhUrfQQE	https://i.ytimg.com/vi/x5yrhUrfQQE/hqdefault.jpg
【＃ぼくのなつやすみ2】カスのおねえちゃんとキッズのなつやすみ、二週目【海の冒険篇】	https://www.youtube.com/watch?v=yMaPfO1m1hA	https://i.ytimg.com/vi/yMaPfO1m1hA/hqdefault.jpg
夏祭りを楽しみ尽くすカスのおねえちゃん	https://www.youtube.com/watch?v=nqdkyv3XNYE	https://i.ytimg.com/vi/nqdkyv3XNYE/hqdefault.jpg
【＃朝活】朝活レインボー雑談デラックス【＃雑談】	https://www.youtube.com/watch?v=0wR9UllMmII	https://i.ytimg.com/vi/0wR9UllMmII/hqdefault.jpg
【＃帰ってきた魔界村】完全初見！シリーズ最難関の村に帰省する【魔界村】	https://www.youtube.com/watch?v=JXqzCfHyCBQ	https://i.ytimg.com/vi/JXqzCfHyCBQ/hqdefault.jpg
【#バイオハザードRE2】完全初見！エイダ鬼つええ！このまま逆らうやつら全員ハッキングしていこうぜ！【BIOHAZARD RE:2】	https://www.youtube.com/watch?v=qBFAKp5QJYs	https://i.ytimg.com/vi/qBFAKp5QJYs/hqdefault.jpg
【＃ぼくのなつやすみ2】カスのおねえちゃんとキッズのなつやすみ【海の冒険篇】	https://www.youtube.com/watch?v=sbzwoi--gTc	https://i.ytimg.com/vi/sbzwoi--gTc/hqdefault.jpg
【＃ロックマンX2】完全初見！パーフェクト状態でシグマを倒すメイド【＃レトロゲーム】	https://www.youtube.com/watch?v=gimylStHrG4	https://i.ytimg.com/vi/gimylStHrG4/hqdefault.jpg
【雑談】とにかく喋るメイド	https://www.youtube.com/watch?v=xjyDZmcoIh0	https://i.ytimg.com/vi/xjyDZmcoIh0/hqdefault.jpg
【＃メトロイドドレッド】クリア耐久！グラビティスーツで頑張るメイドレッド【＃METOROIDDREAD】	https://www.youtube.com/watch?v=_sIcOTg5Njg	https://i.ytimg.com/vi/_sIcOTg5Njg/hqdefault.jpg
【#バイオハザードRE2】完全初見！警察署脱出しても詰んでいるメイド【BIOHAZARD RE:2】	https://www.youtube.com/watch?v=M8T2ZjNqMB4	https://i.ytimg.com/vi/M8T2ZjNqMB4/hqdefault.jpg
【 #グラディウス】本日発売！！グラディウスオリジンコレクション！【グラディウスオリジンコレクション】	https://www.youtube.com/watch?v=pohfiCDI_Fs	https://i.ytimg.com/vi/pohfiCDI_Fs/hqdefault.jpg
【＃朝活】大いにコメントを読みいっぱい喋る氷室【＃雑談】	https://www.youtube.com/watch?v=UcFSiythlsk	https://i.ytimg.com/vi/UcFSiythlsk/hqdefault.jpg
【＃ロックマンX2】完全初見！連打で全てを解決するスーパーエックスくん【＃レトロゲーム】	https://www.youtube.com/watch?v=H4Owz5Dl7cw	https://i.ytimg.com/vi/H4Owz5Dl7cw/hqdefault.jpg
【#ポケットモンスター赤】＃7 完全初見人生縛り、全てのバッジを集めるぞ！【＃レトロゲーム】	https://www.youtube.com/watch?v=nfIenLZfGn0	https://i.ytimg.com/vi/nfIenLZfGn0/hqdefault.jpg
【#バイオハザードRE2】完全初見！WELLCOME UTSURO！【BIOHAZARD RE:2】	https://www.youtube.com/watch?v=sdavURTf6nU	https://i.ytimg.com/vi/sdavURTf6nU/hqdefault.jpg
【＃ロックマンX2】完全初見！大好きなXシリーズに新モデルで挑むぞ！【＃レトロゲーム】	https://www.youtube.com/watch?v=wZ7Pcvw6BgQ	https://i.ytimg.com/vi/wZ7Pcvw6BgQ/hqdefault.jpg
【2.0お披露目】ゲーマーメイド氷室うつろのすごい進化をご覧に入れましょう！	https://www.youtube.com/watch?v=MqAIcwm2bdY	https://i.ytimg.com/vi/MqAIcwm2bdY/hqdefault.jpg
【＃メトロイドドレッド】最強チェイスメイド【＃METOROIDDREAD】	https://www.youtube.com/watch?v=F6yj9mW-1FE	https://i.ytimg.com/vi/F6yj9mW-1FE/hqdefault.jpg
不老不死マウントがすごいメイド	https://www.youtube.com/watch?v=syXco094Fs0	https://i.ytimg.com/vi/syXco094Fs0/hqdefault.jpg
【#ポケットモンスター赤】＃6 完全初見人生縛り、最大の難関キョウ・ナツメ編【＃レトロゲーム】	https://www.youtube.com/watch?v=gW1Adu1kT6g	https://i.ytimg.com/vi/gW1Adu1kT6g/hqdefault.jpg
【＃歌枠】誕生日月が始まったから歌わせてほしい【＃朝活】	https://www.youtube.com/watch?v=vgmn2wmpLoo	https://i.ytimg.com/vi/vgmn2wmpLoo/hqdefault.jpg
【＃ヨッシーアイランド】ほのぼのしてそうだと思ったのに普通に苦戦しているメイド【＃レトロゲーム】	https://www.youtube.com/watch?v=8IlvBmOhYHw	https://i.ytimg.com/vi/8IlvBmOhYHw/hqdefault.jpg
【＃朝活】いっぱい喋ろうようつろ【＃雑談】	https://www.youtube.com/watch?v=bX0z4EI4-u4	https://i.ytimg.com/vi/bX0z4EI4-u4/hqdefault.jpg
【＃ソニックザヘッジホッグ】SEGAの看板！1500万本売れた傑作ゲームを遊ぶ！【＃SonictheHedgehog】	https://www.youtube.com/watch?v=N8X8sT2e1Y0	https://i.ytimg.com/vi/N8X8sT2e1Y0/hqdefault.jpg
【#ポケットモンスター赤】＃5 完全初見人生縛り、セキチクシティに向かうぞ！【＃レトロゲーム】	https://www.youtube.com/watch?v=m_a1r0NFmvo	https://i.ytimg.com/vi/m_a1r0NFmvo/hqdefault.jpg
【＃メトロイドドレッド】完全初見！メイドレッドを制するド【＃METOROIDDREAD】	https://www.youtube.com/watch?v=l_W9Uz9sM8Y	https://i.ytimg.com/vi/l_W9Uz9sM8Y/hqdefault.jpg
【＃ヨッシーアイランド】完全初見！謎のヨッシーアクションをやるメイド【＃レトロゲーム】	https://www.youtube.com/watch?v=UvRLPHRA0X4	https://i.ytimg.com/vi/UvRLPHRA0X4/hqdefault.jpg
【#スーパーマリオブラザーズ2】8面をクリアしようと思うな。8面を愛せ【＃レトロゲーム】	https://www.youtube.com/watch?v=peNHu6S7zPc	https://i.ytimg.com/vi/peNHu6S7zPc/hqdefault.jpg
【#ポケットモンスター赤】＃4 完全初見人生縛り、4つ目のバッジはどこなのだ【＃レトロゲーム】	https://www.youtube.com/watch?v=9dB6p-jc-j8	https://i.ytimg.com/vi/9dB6p-jc-j8/hqdefault.jpg
【＃メトロイドドレッド】完全初見！メトロイドシリーズ最新作をやるメイド【＃METOROIDDREAD】	https://www.youtube.com/watch?v=WQ8vEr7vSgY	https://i.ytimg.com/vi/WQ8vEr7vSgY/hqdefault.jpg
【#朝活】いっぱい話そうよ氷室【＃雑談】	https://www.youtube.com/watch?v=gQuQfCVozZQ	https://i.ytimg.com/vi/gQuQfCVozZQ/hqdefault.jpg
【#ポケットモンスター赤】＃3 完全初見人生縛り、バッジ4つ目【＃レトロゲーム】	https://www.youtube.com/watch?v=Ka2MDtT_qyI	https://i.ytimg.com/vi/Ka2MDtT_qyI/hqdefault.jpg
【#ロウオブザウエスト】保安官は人を●っても無罪なゲーム、西部の掟【＃レトロゲーム】	https://www.youtube.com/watch?v=zgYoJfz1iGM	https://i.ytimg.com/vi/zgYoJfz1iGM/hqdefault.jpg
【#バイオハザード】完全初見でクリアまで！全ての裏切りに銃弾を【＃バイオハザードHDリマスター】	https://www.youtube.com/watch?v=3igMR3PXYbE	https://i.ytimg.com/vi/3igMR3PXYbE/hqdefault.jpg
【#ポケットモンスター赤】＃2 完全初見の人生縛り、おつきみやまにきた【＃レトロゲーム】	https://www.youtube.com/watch?v=pg2FCckFjms	https://i.ytimg.com/vi/pg2FCckFjms/hqdefault.jpg
【＃歌枠】今まで歌ってなかったものを歌う【#shorts 】	https://www.youtube.com/watch?v=Ynb-ilHgfeE	https://i.ytimg.com/vi/Ynb-ilHgfeE/hqdefault.jpg
【#ロックマン8】ネジを集め、ワイリーを倒す【＃レトロゲーム】	https://www.youtube.com/watch?v=aVqSjL6QyOw	https://i.ytimg.com/vi/aVqSjL6QyOw/hqdefault.jpg
【#ポケットモンスター赤】＃1 完全初見の人生縛りで初代ポケモン赤をやっていくメイド【＃レトロゲーム】	https://www.youtube.com/watch?v=-9_MdU7zCws	https://i.ytimg.com/vi/-9_MdU7zCws/hqdefault.jpg
【#バイオハザード】完全初見！館の扉全開放！クライマックスきた！？【＃バイオハザードHDリマスター】	https://www.youtube.com/watch?v=4jov-n1sOD0	https://i.ytimg.com/vi/4jov-n1sOD0/hqdefault.jpg
【#朝活】朝から元気だね氷室【＃雑談】	https://www.youtube.com/watch?v=BfTfrPYUaao	https://i.ytimg.com/vi/BfTfrPYUaao/hqdefault.jpg
【#ロックマン8】完全初見！一旦ワイリーを土下座させに行こうじゃないか【＃レトロゲーム】	https://www.youtube.com/watch?v=NR9B1UW07Xc	https://i.ytimg.com/vi/NR9B1UW07Xc/hqdefault.jpg
【#悪魔城伝説】完全初見！最強ボス・死神戦をやる【＃レトロゲーム】	https://www.youtube.com/watch?v=1JNRNo54n74	https://i.ytimg.com/vi/1JNRNo54n74/hqdefault.jpg
【#朝活】夏の王様【＃雑談】	https://www.youtube.com/watch?v=pIGUXlE5iq4	https://i.ytimg.com/vi/pIGUXlE5iq4/hqdefault.jpg
【#バイオハザード】完全初見！中庭まで来たぞ！マグナム最強！！【＃バイオハザードHDリマスター】	https://www.youtube.com/watch?v=nDubG-9dbNI	https://i.ytimg.com/vi/nDubG-9dbNI/hqdefault.jpg
【#クラッシュバンディクー】クリアまでいくぞ！高難易度奥スクロール！【＃レトロゲーム】	https://www.youtube.com/watch?v=qUClfAO4-Ms	https://i.ytimg.com/vi/qUClfAO4-Ms/hqdefault.jpg
夏はやたらと元気なカスのおねえちゃん	https://www.youtube.com/watch?v=xoikvnZlzMw	https://i.ytimg.com/vi/xoikvnZlzMw/hqdefault.jpg
【#雑談】たまには夜に話すんだ氷室【＃レトロゲーム】	https://www.youtube.com/watch?v=CJNgGDgiJY4	https://i.ytimg.com/vi/CJNgGDgiJY4/hqdefault.jpg
【 #グラディウス】日本の夏、グラディウスの夏【＃Gradius】	https://www.youtube.com/watch?v=mCx3Iavtp8M	https://i.ytimg.com/vi/mCx3Iavtp8M/hqdefault.jpg
【#ポートピア連続殺人事件】犯人はヤス【＃レトロゲーム】	https://www.youtube.com/watch?v=lkIoXrUUqgA	https://i.ytimg.com/vi/lkIoXrUUqgA/hqdefault.jpg
【#バイオハザード】完全初見！そろそろクリアの足音か？【＃バイオハザードHDリマスター】	https://www.youtube.com/watch?v=myMI9MgfqVA	https://i.ytimg.com/vi/myMI9MgfqVA/hqdefault.jpg
【#朝活】七夕終わったぞ氷室【＃雑談】	https://www.youtube.com/watch?v=V7l0orLZJMw	https://i.ytimg.com/vi/V7l0orLZJMw/hqdefault.jpg
【#悪魔城伝説】完全初見！極難城VS無限ナイフ【＃レトロゲーム】	https://www.youtube.com/watch?v=Tx8gtHIvB10	https://i.ytimg.com/vi/Tx8gtHIvB10/hqdefault.jpg
【#クラッシュバンディクー】メモリーカードを手に入れた！宇宙初の奥スクロールアクションやる【＃レトロゲーム】	https://www.youtube.com/watch?v=WPzpPN4YIsw	https://i.ytimg.com/vi/WPzpPN4YIsw/hqdefault.jpg
【#バイオハザード】完全初見！メイドはまだ詰んでない！！【＃バイオハザードHDリマスター】	https://www.youtube.com/watch?v=2ZWlDHRiAN0	https://i.ytimg.com/vi/2ZWlDHRiAN0/hqdefault.jpg
【#スーパーマリオブラザーズ2】今再びの8面【＃レトロゲーム】	https://www.youtube.com/watch?v=06KIXbb1c0s	https://i.ytimg.com/vi/06KIXbb1c0s/hqdefault.jpg
【#クラッシュバンディクー】(無事に接続出来たら)プレステアクションの金字塔やる【＃レトロゲーム】	https://www.youtube.com/watch?v=AxD7aaQLiw4	https://i.ytimg.com/vi/AxD7aaQLiw4/hqdefault.jpg
【#悪魔城伝説】完全初見！悪魔城に再び挑むメイド【＃レトロゲーム】	https://www.youtube.com/watch?v=D_0nPXfGauU	https://i.ytimg.com/vi/D_0nPXfGauU/hqdefault.jpg
【#バイオハザード】完全初見！この時代に新鮮過ぎるぞ、このメイド【＃バイオハザードHDリマスター】	https://www.youtube.com/watch?v=perlBg-Hasw	https://i.ytimg.com/vi/perlBg-Hasw/hqdefault.jpg
【#朝活】キッズたちも海に行こうよ【＃雑談】	https://www.youtube.com/watch?v=COIEHAbgux8	https://i.ytimg.com/vi/COIEHAbgux8/hqdefault.jpg
【＃ミシシッピー殺人事件】色々な意味で伝説のミステリーアドベンチャーに挑むメイド【＃レトロゲーム】	https://www.youtube.com/watch?v=HAmq1okkbuM	https://i.ytimg.com/vi/HAmq1okkbuM/hqdefault.jpg
【#朝活】朝なんだぞ氷室【＃雑談】	https://www.youtube.com/watch?v=IKhgIF6NV_E	https://i.ytimg.com/vi/IKhgIF6NV_E/hqdefault.jpg
【#バイオハザード】初のバイオに挑む完全初見メイド【＃バイオハザードHDリマスター】	https://www.youtube.com/watch?v=bI6V0D5-qaE	https://i.ytimg.com/vi/bI6V0D5-qaE/hqdefault.jpg
【#ロックマンX】完全初見！待ってろシグマ！サブタン無くても勝ってやる【＃レトロゲーム】	https://www.youtube.com/watch?v=cwDPj8-omZY	https://i.ytimg.com/vi/cwDPj8-omZY/hqdefault.jpg
【#メトロイドフュージョン】クリア耐久！見届けるぞサムスの戦い！【＃レトロゲーム】	https://www.youtube.com/watch?v=5etu9PeDg5k	https://i.ytimg.com/vi/5etu9PeDg5k/hqdefault.jpg
【#がんばれゴエモンきらきら道中】それじゃあ、ダンサーになろう【〜僕がダンサーになった理由〜】	https://www.youtube.com/watch?v=a-KHCA9Sq6U	https://i.ytimg.com/vi/a-KHCA9Sq6U/hqdefault.jpg
【#ロックマンX】完全初見！Xシリーズを堪能しつつクリアまでいけるか！？【＃レトロゲーム】	https://www.youtube.com/watch?v=Zb3xMn_5JZw	https://i.ytimg.com/vi/Zb3xMn_5JZw/hqdefault.jpg
【 #グラディウス】不死鳥のメイディウス【＃Gradius】	https://www.youtube.com/watch?v=DCR0MdFSY4I	https://i.ytimg.com/vi/DCR0MdFSY4I/hqdefault.jpg
【#朝活】君にアイスを分けてあげる【＃雑談】	https://www.youtube.com/watch?v=fCo-RtHj2Qk	https://i.ytimg.com/vi/fCo-RtHj2Qk/hqdefault.jpg
【#メトロイドフュージョン】完全初見！ニセモノ絶対ゆるさないサムス【＃レトロゲーム】	https://www.youtube.com/watch?v=BX5fcuz3e7U	https://i.ytimg.com/vi/BX5fcuz3e7U/hqdefault.jpg
【#ロックマンX】完全初見！わたくしの知らないロックマンの新たなる戦い！【＃レトロゲーム】	https://www.youtube.com/watch?v=D_IpbGyxea8	https://i.ytimg.com/vi/D_IpbGyxea8/hqdefault.jpg
【#スーパーマリオブラザーズ2】8面まで来た！最終回なるか……？【＃レトロゲーム】	https://www.youtube.com/watch?v=aXideyidJG0	https://i.ytimg.com/vi/aXideyidJG0/hqdefault.jpg
【#メトロイドフュージョン】完全初見！ベビー亡き後の世界のサムス【＃レトロゲーム】	https://www.youtube.com/watch?v=kaj3szznR7g	https://i.ytimg.com/vi/kaj3szznR7g/hqdefault.jpg
【#雑談】歌枠リレーおつかれさまでございます【氷室うつろ】	https://www.youtube.com/watch?v=cVBbRtJ_R8k	https://i.ytimg.com/vi/cVBbRtJ_R8k/hqdefault.jpg
【＃世界で1番かわいい歌枠リレー🎀💕】全ての『かわいい』を過去にする【星めぐり学園／氷室うつろ】	https://www.youtube.com/watch?v=orlRuoPWhEQ	https://i.ytimg.com/vi/orlRuoPWhEQ/hqdefault.jpg
【#朝活】夏の足音【＃雑談】	https://www.youtube.com/watch?v=V5aue5MX4qI	https://i.ytimg.com/vi/V5aue5MX4qI/hqdefault.jpg
【#SUPER魂斗羅】そろそろなるか、スーパーに。【＃レトロゲーム】	https://www.youtube.com/watch?v=jPh0oe8KFVg	https://i.ytimg.com/vi/jPh0oe8KFVg/hqdefault.jpg
【#朝活】や　あ　キ　ッ　ズ【＃雑談】	https://www.youtube.com/watch?v=b1qT3f9GXIg	https://i.ytimg.com/vi/b1qT3f9GXIg/hqdefault.jpg
【#がんばれゴエモンきらきら道中】伝説の神ゲーで輝くメイド【〜僕がダンサーになった理由〜】	https://www.youtube.com/watch?v=9cJ6Ho8J1KE	https://i.ytimg.com/vi/9cJ6Ho8J1KE/hqdefault.jpg
【#シャドウバースワールズビヨンド】カードゲームガチ勢がビヨンドをやらずにいられるか【＃ShadowverseWorldsBeyond】	https://www.youtube.com/watch?v=uITuPYVo3tE	https://i.ytimg.com/vi/uITuPYVo3tE/hqdefault.jpg
【#スーパーマリオブラザーズ2】何がなんでも7面【＃レトロゲーム】	https://www.youtube.com/watch?v=oFAJ7HTQBhM	https://i.ytimg.com/vi/oFAJ7HTQBhM/hqdefault.jpg
【#悪魔城ドラキュラ】クリアしたいぞ！時計塔を越えて目指せドラキュラ【＃レトロゲーム】	https://www.youtube.com/watch?v=Ce4_IoMomu8	https://i.ytimg.com/vi/Ce4_IoMomu8/hqdefault.jpg
ダルすぎる雨宿りをするカスのおねえちゃん	https://www.youtube.com/watch?v=597Pmg6284E	https://i.ytimg.com/vi/597Pmg6284E/hqdefault.jpg
【#歌枠】おい！練習しないといけないんだ！歌！	https://www.youtube.com/watch?v=C5GerTLuLww	https://i.ytimg.com/vi/C5GerTLuLww/hqdefault.jpg
【#がんばれゴエモンきらきら道中】横スクロールアクションの最高峰！本物の輝きを求めて【ⓒKonami Digital Entertainment】	https://www.youtube.com/watch?v=PyZucA9UIRw	https://i.ytimg.com/vi/PyZucA9UIRw/hqdefault.jpg
【#レミングス】集団作業パズルゲームで遊ぼう【＃Lemmings】	https://www.youtube.com/watch?v=fm-G8jlaLjU	https://i.ytimg.com/vi/fm-G8jlaLjU/hqdefault.jpg
【#スーパーマリオブラザーズ2】クリア、出来るのか？【＃レトロゲーム】	https://www.youtube.com/watch?v=Z7Hg72w-KSI	https://i.ytimg.com/vi/Z7Hg72w-KSI/hqdefault.jpg
【#悪魔城ドラキュラ】ムチとメイドは城の華【＃レトロゲーム】	https://www.youtube.com/watch?v=xzjiEis6UCo	https://i.ytimg.com/vi/xzjiEis6UCo/hqdefault.jpg
【#朝活】朝までも氷室【＃雑談】	https://www.youtube.com/watch?v=QV8esrdI_BI	https://i.ytimg.com/vi/QV8esrdI_BI/hqdefault.jpg
【#46億年物語】人　間　最　高【はるかなるエデンへ】	https://www.youtube.com/watch?v=eHcEUhofkkA	https://i.ytimg.com/vi/eHcEUhofkkA/hqdefault.jpg
【#悪魔城ドラキュラ】初めての悪魔城VSメイド！！【＃レトロゲーム】	https://www.youtube.com/watch?v=QyF2vCBEp7s	https://i.ytimg.com/vi/QyF2vCBEp7s/hqdefault.jpg
【雑談】時間が余ったメイドの雑談	https://www.youtube.com/watch?v=NHbLrZtebwI	https://i.ytimg.com/vi/NHbLrZtebwI/hqdefault.jpg
【＃スーパードンキーコング3】クレマトア島完全制覇へ！【＃レトロゲーム】	https://www.youtube.com/watch?v=eGlzdKBi2Xc	https://i.ytimg.com/vi/eGlzdKBi2Xc/hqdefault.jpg
【#SlaytheSpire】雑談しながら心臓を倒す【＃スレスパ】	https://www.youtube.com/watch?v=iurf_bosaAc	https://i.ytimg.com/vi/iurf_bosaAc/hqdefault.jpg
【#スーパーマリオブラザーズ2】このゲームの恐ろしさに気づいてしまったメイド【＃マリオ2】	https://www.youtube.com/watch?v=egbnjHT8JM4	https://i.ytimg.com/vi/egbnjHT8JM4/hqdefault.jpg
【#46億年物語】大進化うつろ最強生物への道【はるかなるエデンへ】	https://www.youtube.com/watch?v=dTp9l5MArZE	https://i.ytimg.com/vi/dTp9l5MArZE/hqdefault.jpg
【#朝活】起きたか氷室【雑談】	https://www.youtube.com/watch?v=R24k3KCH3U8	https://i.ytimg.com/vi/R24k3KCH3U8/hqdefault.jpg
【 #グラディウス】もう七面しか見てない【＃Gradius】	https://www.youtube.com/watch?v=ygdKeUKRGNU	https://i.ytimg.com/vi/ygdKeUKRGNU/hqdefault.jpg
【#スーパーマリオブラザーズ2】長期戦覚悟！シリーズ最難関の攻略を始めるメイド【＃マリオ2】	https://www.youtube.com/watch?v=47NJoPLr_6g	https://i.ytimg.com/vi/47NJoPLr_6g/hqdefault.jpg
【#46億年物語】大進化うつろ大暴れ46億年【はるかなるエデンへ】	https://www.youtube.com/watch?v=twuPjQYhk3w	https://i.ytimg.com/vi/twuPjQYhk3w/hqdefault.jpg
【#雑談】これなんだと思う？雑談だよ、雑談【氷室うつろ】	https://www.youtube.com/watch?v=Dk7j1u2FMEk	https://i.ytimg.com/vi/Dk7j1u2FMEk/hqdefault.jpg
【＃スーパードンキーコング3】カオスのかくれがから！じゃ、クリアしちゃおうかな〜！？【＃レトロゲーム】	https://www.youtube.com/watch?v=AuNfF-1otZI	https://i.ytimg.com/vi/AuNfF-1otZI/hqdefault.jpg
【#SlaytheSpire】メイドが喋りながらカード回すだけ【＃スレスパ】	https://www.youtube.com/watch?v=66B7UqCcdD8	https://i.ytimg.com/vi/66B7UqCcdD8/hqdefault.jpg
【#シャドウゲイト】ざんねん！うつろのぼうけんはこれでおわってしまった！【＃レトロゲーム】	https://www.youtube.com/watch?v=yuCQ4oTmq7Q	https://i.ytimg.com/vi/yuCQ4oTmq7Q/hqdefault.jpg
【＃スーパードンキーコング3】ギミック満載！高難易度ドンキーコングに挑むメイドと象【＃レトロゲーム】	https://www.youtube.com/watch?v=zA5TZfH8770	https://i.ytimg.com/vi/zA5TZfH8770/hqdefault.jpg
【 #クロノトリガー 】#8「運命の時へ」から！遂にラヴォス討伐の時が来た！？(※ネタバレ注意)【クロノ・トリガー】	https://www.youtube.com/watch?v=WmFlEEHjkXo	https://i.ytimg.com/vi/WmFlEEHjkXo/hqdefault.jpg
【 #グラディウス】ついにクリアなるか！？メイドの頑張りメイディウス【＃Gradius】	https://www.youtube.com/watch?v=gte4MNhxmSo	https://i.ytimg.com/vi/gte4MNhxmSo/hqdefault.jpg
【＃スーパードンキーコング3】ついに三作目を遊ぶ時が来た！ドンキーもいない！ディーディーもいない！【＃レトロゲーム】	https://www.youtube.com/watch?v=4g9sh1g_udM	https://i.ytimg.com/vi/4g9sh1g_udM/hqdefault.jpg
【#ファンタズム】敵に乗り移って戦え！泣けるアーケードゲーム！？【＃Phantasm】	https://www.youtube.com/watch?v=Gj0PIRjS6Ow	https://i.ytimg.com/vi/Gj0PIRjS6Ow/hqdefault.jpg
【お祝い配信】氷室うつろ2万人記念＆ハーフアニバーサリー！【星めぐり学園／氷室うつろ】	https://www.youtube.com/watch?v=5Ad2G4Hx2n4	https://i.ytimg.com/vi/5Ad2G4Hx2n4/hqdefault.jpg
自称「ゲーセンの王」なカスのおねえちゃん	https://www.youtube.com/watch?v=j01JcPaf4uY	https://i.ytimg.com/vi/j01JcPaf4uY/hqdefault.jpg
【#スーパーマリオブラザーズ】伝説のゲームをクリアしてみたいんだ！【ノーノーマリオ】	https://www.youtube.com/watch?v=zd_tzQhFrzg	https://i.ytimg.com/vi/zd_tzQhFrzg/hqdefault.jpg
一緒に2万人の瞬間を見守る配信	https://www.youtube.com/watch?v=gN-CZiaWPWE	https://i.ytimg.com/vi/gN-CZiaWPWE/hqdefault.jpg
【#歌枠】氷室うつろデビュー半年記念ウィーク朝活、ラスト【朝活】	https://www.youtube.com/watch?v=B_yH-2Rplcw	https://i.ytimg.com/vi/B_yH-2Rplcw/hqdefault.jpg
【 #ロックマン7】残すはワイリーステージ！牙を剥く高難易度！？【宿命の対決‼】	https://www.youtube.com/watch?v=kNNe5h5fek8	https://i.ytimg.com/vi/kNNe5h5fek8/hqdefault.jpg
【#朝活】氷室うつろデビュー半年記念ウィーク朝活、その3【雑談】	https://www.youtube.com/watch?v=8DFL9ZvQ6w0	https://i.ytimg.com/vi/8DFL9ZvQ6w0/hqdefault.jpg
【 #グラディウス】前回7面までいけたメイドの頑張りメイディウス【＃Gradius】	https://www.youtube.com/watch?v=7A5tdD11j7E	https://i.ytimg.com/vi/7A5tdD11j7E/hqdefault.jpg
【 #トリオザパンチ】伝説の奇ゲーに挑むメイド【アーケードアーカイブス】	https://www.youtube.com/watch?v=Y53w21jBWBI	https://i.ytimg.com/vi/Y53w21jBWBI/hqdefault.jpg
【＃朝活】半年記念を迎える氷室うつろの朝枠、その2【雑談】	https://www.youtube.com/watch?v=hbxi82MI2FY	https://i.ytimg.com/vi/hbxi82MI2FY/hqdefault.jpg
【 #ロックマン7】SFCのロックマン⁉ワイリー脱獄してる…だと⁉【宿命の対決!】	https://www.youtube.com/watch?v=DrMkjqucb38	https://i.ytimg.com/vi/DrMkjqucb38/hqdefault.jpg
【#朝活】氷室うつろデビュー半年記念ウィーク朝活【雑談】	https://www.youtube.com/watch?v=a7N4tET0FwU	https://i.ytimg.com/vi/a7N4tET0FwU/hqdefault.jpg
【 #クロノトリガー 】#7「運命の時へ」から！ラヴォス戦に備えて各時代を巡れ！(※ネタバレ注意)【クロノ・トリガー】	https://www.youtube.com/watch?v=AIMo4J6bdCc	https://i.ytimg.com/vi/AIMo4J6bdCc/hqdefault.jpg
【 #グラディウス】5面を超えたいメイディウス【＃Gradius】	https://www.youtube.com/watch?v=gjsTOqmzhXU	https://i.ytimg.com/vi/gjsTOqmzhXU/hqdefault.jpg
【 #スプラッターハウス】クリア耐久！ゲーセンといえばこのゲーム！傑作横スクロールアクション！【アーケードアーカイブス】	https://www.youtube.com/watch?v=EehE5PU4tVg	https://i.ytimg.com/vi/EehE5PU4tVg/hqdefault.jpg
【 #ワリオランド】宝コンプで走り抜けられるか！？ワリオで荒ぶるメイド【スーパーマリオランド3】	https://www.youtube.com/watch?v=B-DOV0pRxyM	https://i.ytimg.com/vi/B-DOV0pRxyM/hqdefault.jpg
【 #グラディウス】復活のメイディウス【＃Gradius】	https://www.youtube.com/watch?v=otWFgLmZAac	https://i.ytimg.com/vi/otWFgLmZAac/hqdefault.jpg
【 #ワリオランド】ワリオが主役のゲームをやるんでございます【スーパーマリオランド3】	https://www.youtube.com/watch?v=LmraDRbbIyk	https://i.ytimg.com/vi/LmraDRbbIyk/hqdefault.jpg
【 #Unrailed!】うっかりゲーム部コラボ！事務所の先輩方と協力するでございますよ【星めぐり学園コラボ】	https://www.youtube.com/watch?v=FpObWw8XQ1o	https://i.ytimg.com/vi/FpObWw8XQ1o/hqdefault.jpg
うつろにおすすめのゲームを教える夜会	https://www.youtube.com/watch?v=Sv-LNdaGUio	https://i.ytimg.com/vi/Sv-LNdaGUio/hqdefault.jpg
【 #がんばれゴエモン3 獅子重禄兵衛のからくり卍固め】後半戦だ！過去と未来を行き来するゴエモン【＃レトロゲーム】	https://www.youtube.com/watch?v=stXVOU9VFdo	https://i.ytimg.com/vi/stXVOU9VFdo/hqdefault.jpg
【＃ドラゴンボールZ KAKAROT】最終回！サイヤ人とベジータとメイドの10年後【＃完全初見】	https://www.youtube.com/watch?v=vyQBqIf4WFw	https://i.ytimg.com/vi/vyQBqIf4WFw/hqdefault.jpg
【 #6つの金貨】ゲームボーイのマリオ第二弾！夢の一枠クリアなるか！？【＃スーパーマリオランド2】	https://www.youtube.com/watch?v=hqQIcdECGFA	https://i.ytimg.com/vi/hqQIcdECGFA/hqdefault.jpg
【 #歌枠】未経験から4ヶ月ボイトレしたメイドの伝説の歌枠【＃朝活】	https://www.youtube.com/watch?v=IsCZgtUZKbk	https://i.ytimg.com/vi/IsCZgtUZKbk/hqdefault.jpg
【 #サンドラの大冒険】超高難易度かつ最高のゲームを遊んでいくメイド【ワルキューレとの出逢い】	https://www.youtube.com/watch?v=bp0hZwPI9_o	https://i.ytimg.com/vi/bp0hZwPI9_o/hqdefault.jpg
【 #ロックマン6】クリア耐久！ワイリーより格上の博士を土下座させる【史上最大の戦い!! 】	https://www.youtube.com/watch?v=5IOe_r1CRvY	https://i.ytimg.com/vi/5IOe_r1CRvY/hqdefault.jpg
【 #スーパーマリオUSA】FC版に挫折しSFC版をやるんだよ、GWだからさ【＃完全初見】	https://www.youtube.com/watch?v=Ozmyo58PVw0	https://i.ytimg.com/vi/Ozmyo58PVw0/hqdefault.jpg
キッズにスト２接待を求めるカスのおねえちゃん	https://www.youtube.com/watch?v=fEWSywTlSKg	https://i.ytimg.com/vi/fEWSywTlSKg/hqdefault.jpg
【 #がんばれゴエモン3 獅子重禄兵衛のからくり卍固め】たっぷり遊ぶぞ！GWらしい大ボリュームなゴエモン！【＃レトロゲーム】	https://www.youtube.com/watch?v=JkrxKgYfmVk	https://i.ytimg.com/vi/JkrxKgYfmVk/hqdefault.jpg
【 #ワギャンランド2】完全初見クリア耐久メイド、ウギャンランド2【＃レトロゲーム】	https://www.youtube.com/watch?v=_nDQYPc59Gg	https://i.ytimg.com/vi/_nDQYPc59Gg/hqdefault.jpg
【 #クロノトリガー 】#6「古代の新王」から！オイオイオイアイツし……えっ！？たいしたものですね！？(※ネタバレ注意)【クロノ・トリガー】	https://www.youtube.com/watch?v=PNmlSUY-tkc	https://i.ytimg.com/vi/PNmlSUY-tkc/hqdefault.jpg
【 #スーパーマリオUSA】2回までしかコンティニュー出来ないFC版をやる【＃完全初見】	https://www.youtube.com/watch?v=35E4xpHJ0hw	https://i.ytimg.com/vi/35E4xpHJ0hw/hqdefault.jpg
10000人待機配信スパチャ読み枠	https://www.youtube.com/watch?v=4sdyNLFc88o	https://i.ytimg.com/vi/4sdyNLFc88o/hqdefault.jpg
【 #サンドラの大冒険】唯一無二の操作性！超高難易度レトロゲームを愛するメイド【ワルキューレとの出逢い】	https://www.youtube.com/watch?v=g7w6_NcCFMo	https://i.ytimg.com/vi/g7w6_NcCFMo/hqdefault.jpg
【 前夜祭】10000人になりそうな氷室うつろの雑談【＃雑談】	https://www.youtube.com/watch?v=ghJYfuGizpQ	https://i.ytimg.com/vi/ghJYfuGizpQ/hqdefault.jpg
【 #グラディウス】メイドのグラディウス、メイディウス【＃Gradius】	https://www.youtube.com/watch?v=A1B71WW-Aig	https://i.ytimg.com/vi/A1B71WW-Aig/hqdefault.jpg
近所の駄菓子屋にいるカスのおねえちゃんリターンズ	https://www.youtube.com/watch?v=m6WgtyLA7mw	https://i.ytimg.com/vi/m6WgtyLA7mw/hqdefault.jpg
【 #サンドラの大冒険】超高難易度！癖強傑作レトロゲームで遊ぶメイド【ワルキューレとの出逢い】	https://www.youtube.com/watch?v=ZxTLUkqjwBM	https://i.ytimg.com/vi/ZxTLUkqjwBM/hqdefault.jpg
【＃ドラゴンボールZ KAKAROT】波乱の天下一武道会を勝ち抜くメイド【＃完全初見】	https://www.youtube.com/watch?v=SsYuNh2loao	https://i.ytimg.com/vi/SsYuNh2loao/hqdefault.jpg
【 #サンドラの大冒険】超高難易度レトロゲームに挑戦するメイド【ワルキューレとの出逢い】	https://www.youtube.com/watch?v=1_hcCICJ2Ms	https://i.ytimg.com/vi/1_hcCICJ2Ms/hqdefault.jpg
【 #スーパーマリオランド】ゲームボーイで出来るマリオなるものがあるらしい【＃レトロゲーム】	https://www.youtube.com/watch?v=fZBbQyEomtI	https://i.ytimg.com/vi/fZBbQyEomtI/hqdefault.jpg
【 #クロノトリガー 】#5「とけよ封印呼べよ嵐」から！嵐を呼ぶモーレツ！メイド一団の逆襲【クロノ・トリガー】	https://www.youtube.com/watch?v=Ys36WhVNQww	https://i.ytimg.com/vi/Ys36WhVNQww/hqdefault.jpg
【 #ロックマン5】クリア耐久！ブルース、お前もか【ブルースの罠⁉】	https://www.youtube.com/watch?v=W1qqHUmsuIM	https://i.ytimg.com/vi/W1qqHUmsuIM/hqdefault.jpg
【 #星のカービィスーパーデラックス】最後まで行きたいスーパーうつろデラックス【完全初見】	https://www.youtube.com/watch?v=C2I-hVm_NwY	https://i.ytimg.com/vi/C2I-hVm_NwY/hqdefault.jpg
【 ＃メタルスラッグ2】おねえちゃんが一番楽しいこと見せてやろうね【＃レトロゲーム】	https://www.youtube.com/watch?v=ZD_DvzvH0cY	https://i.ytimg.com/vi/ZD_DvzvH0cY/hqdefault.jpg
【 #がんばれゴエモン2奇天烈将軍マッギネス 】本編後のお楽しみ！ばーちゃ地獄へ行くぞ！【＃レトロゲーム】	https://www.youtube.com/watch?v=rnDCQmMqVhI	https://i.ytimg.com/vi/rnDCQmMqVhI/hqdefault.jpg
【 #雑談 】うつろ帰宅枠【復帰】	https://www.youtube.com/watch?v=8wgTnFCVqmc	https://i.ytimg.com/vi/8wgTnFCVqmc/hqdefault.jpg
近所の駄菓子屋にいるカスのおねえちゃん	https://www.youtube.com/watch?v=YEiVIbP1zrU	https://i.ytimg.com/vi/YEiVIbP1zrU/hqdefault.jpg
【 #朝活】出張で留守にするメイドのさよなら朝枠【＃雑談】	https://www.youtube.com/watch?v=qT7FJ3RzSpM	https://i.ytimg.com/vi/qT7FJ3RzSpM/hqdefault.jpg
【 #クロノトリガー 】#4 「気がつけば原始」から！わたくし、また何かやっちゃいました？【クロノ・トリガー】	https://www.youtube.com/watch?v=2IC2piEs1ps	https://i.ytimg.com/vi/2IC2piEs1ps/hqdefault.jpg
【 #がんばれゴエモン2奇天烈将軍マッギネス 】クリア耐久！ゴエモンシリーズ最高傑作を遊んでいくぞ！【＃レトロゲーム】	https://www.youtube.com/watch?v=qH2KN8JQ50o	https://i.ytimg.com/vi/qH2KN8JQ50o/hqdefault.jpg
【 #ロマサガ2 リメイク 】#12 最終回！ノエルを倒して全てを終わらせるメイド【ロマンシング サガ2 リベンジオブザセブン】	https://www.youtube.com/watch?v=ct43MFRDx20	https://i.ytimg.com/vi/ct43MFRDx20/hqdefault.jpg
【＃ドラゴンボールZ KAKAROT】バーダック編をプレイし、サイヤ人の全てを知るメイド【＃完全初見】	https://www.youtube.com/watch?v=kAClI9J8bEc	https://i.ytimg.com/vi/kAClI9J8bEc/hqdefault.jpg
【 #イチダントアール 】SEGAの名作ミニゲーム集を遊んでいく【＃レトロゲーム】	https://www.youtube.com/watch?v=PtCqHgvGeFI	https://i.ytimg.com/vi/PtCqHgvGeFI/hqdefault.jpg
【 #クロノトリガー 】#3「足跡！追跡!!」から！カエル！湿っぽいのは身体だけにしろ【クロノ・トリガー】	https://www.youtube.com/watch?v=oKwcd1DXyn0	https://i.ytimg.com/vi/oKwcd1DXyn0/hqdefault.jpg
【 #歌枠】未経験から3ヶ月ボイトレしたメイドの伝説の歌枠【＃朝活】	https://www.youtube.com/watch?v=3EepW8lF4_I	https://i.ytimg.com/vi/3EepW8lF4_I/hqdefault.jpg
【 ＃スーパーメトロイド】クリアまで！リドリーを倒してベビーメトロイドを取り戻しメイド【＃レトロゲーム】	https://www.youtube.com/watch?v=FtTWQ32Wm2c	https://i.ytimg.com/vi/FtTWQ32Wm2c/hqdefault.jpg
【 #星のカービィスーパーデラックス】おつとめ終わりの突発デラックス【完全初見】	https://www.youtube.com/watch?v=SfS92Lu3R-U	https://i.ytimg.com/vi/SfS92Lu3R-U/hqdefault.jpg
【 #ロックマン4】クリア耐久！ワイリーの穴は別の博士が埋める、因果とはそういうもの【新たなる野望‼】	https://www.youtube.com/watch?v=_Axar19lgjk	https://i.ytimg.com/vi/_Axar19lgjk/hqdefault.jpg
【＃ドラゴンボールZ】『復活の「F」同時視聴企画！【＃同時視聴】	https://www.youtube.com/watch?v=5VoPeZGxKkg	https://i.ytimg.com/vi/5VoPeZGxKkg/hqdefault.jpg
【 ＃スーパーメトロイド】行けるとこまでどんどん進める！お馴染みのオレンジになりロイド【＃レトロゲーム】	https://www.youtube.com/watch?v=TE2f2gHo1Dk	https://i.ytimg.com/vi/TE2f2gHo1Dk/hqdefault.jpg
【 #クロノトリガー 】#2「廃墟を越えて…」から！完全初見で滅亡確定の未来に挑むメイド【クロノ・トリガー】	https://www.youtube.com/watch?v=Jr-1SWArOPQ	https://i.ytimg.com/vi/Jr-1SWArOPQ/hqdefault.jpg
【 #スーパーメトロイド】メトロイド、おもロイド、やるメイド【完全初見】	https://www.youtube.com/watch?v=IZB0P2UPqLY	https://i.ytimg.com/vi/IZB0P2UPqLY/hqdefault.jpg
【 #ロマサガ2 リメイク 】#11 ワグナスを倒してリベサガ終盤戦へ！七英雄達をどんどん沈めるメイド【ロマンシング サガ2 リベンジオブザセブン】	https://www.youtube.com/watch?v=VVeL91VHvxk	https://i.ytimg.com/vi/VVeL91VHvxk/hqdefault.jpg
【 #1/8192】高評価500いくかクリアするまで終わらない喋りまくり耐久【＃雑談】	https://www.youtube.com/watch?v=qEhuQ-EJbA4	https://i.ytimg.com/vi/qEhuQ-EJbA4/hqdefault.jpg
【＃ドラゴンボールZ】『激突‼100億パワーの戦士たち』『龍拳爆発‼悟空がやらねば誰がやる』同時視聴企画！【＃メタルクウラ】	https://www.youtube.com/watch?v=Q_UXksLTmNQ	https://i.ytimg.com/vi/Q_UXksLTmNQ/hqdefault.jpg
【 #がんばれゴエモンゆき姫救出絵巻 】クリア耐久！ゆき姫救うまでやるぞ！打倒カブキ！【＃レトロゲーム】	https://www.youtube.com/watch?v=jFzJPUVw5PM	https://i.ytimg.com/vi/jFzJPUVw5PM/hqdefault.jpg
【 #がんばれゴエモンゆき姫救出絵巻 】完全初見！がんばれゴエモンシリーズの傑作に挑むメイド【＃レトロゲーム】	https://www.youtube.com/watch?v=UsmBwlfHW0k	https://i.ytimg.com/vi/UsmBwlfHW0k/hqdefault.jpg
【 #クロノトリガー 】#1 完全初見！ついにこの神作をプレイする時が来た！時を駆けるメイド【クロノ・トリガー】	https://www.youtube.com/watch?v=ImHmLxFwvcI	https://i.ytimg.com/vi/ImHmLxFwvcI/hqdefault.jpg
【 #マリオ3】残すところW8のみ！エンディングを見せるメイド【＃スーパーマリオブラザーズ3】	https://www.youtube.com/watch?v=cvh_9c8Vpi8	https://i.ytimg.com/vi/cvh_9c8Vpi8/hqdefault.jpg
【 #ロマサガ2 リメイク 】#10 最高のタイミングで国に舞い降りた真のメイド皇帝、最高の夢小説【ロマンシング サガ2 リベンジオブザセブン】	https://www.youtube.com/watch?v=-YsrXfvgWa0	https://i.ytimg.com/vi/-YsrXfvgWa0/hqdefault.jpg
【 #マリオ3】キッズの頃に2面までいったことのあるメイドのマリオ3【＃スーパーマリオブラザーズ3】	https://www.youtube.com/watch?v=k_2OM-ttGkM	https://i.ytimg.com/vi/k_2OM-ttGkM/hqdefault.jpg
【＃ドラゴンボールZ KAKAROT】トランクス、まさか一人でブウ編を？【＃完全初見】	https://www.youtube.com/watch?v=lY7pzpX4j1U	https://i.ytimg.com/vi/lY7pzpX4j1U/hqdefault.jpg
【＃ドラゴンボールZ】『危険なふたり 超戦士はねむれない』『とびっきりの最強対最強』同時視聴企画！【＃同時視聴】	https://www.youtube.com/watch?v=kBJLSks7G0I	https://i.ytimg.com/vi/kBJLSks7G0I/hqdefault.jpg
【 #スターフォックス64 】クリア耐久！宇宙を駆けるメイド【＃レトロゲーム】	https://www.youtube.com/watch?v=KXtW9BayeGY	https://i.ytimg.com/vi/KXtW9BayeGY/hqdefault.jpg
【 #パリダカールラリースペシャル 】「伝説」の闇鍋ゲー、パリ・ダカール・ラリー・スペシャルを遊ぶ【＃レトロゲーム】	https://www.youtube.com/watch?v=ZC4cEr8CGNA	https://i.ytimg.com/vi/ZC4cEr8CGNA/hqdefault.jpg
【＃雑談】伝説の朝枠。お仕事おやすみになったメイド【＃朝活】	https://www.youtube.com/watch?v=OrMqirrX7jk	https://i.ytimg.com/vi/OrMqirrX7jk/hqdefault.jpg
【 #ファイナルファイト】スーファミ版のハガー市長で暴れ散らしたいメイド【＃レトロゲーム】	https://www.youtube.com/watch?v=ootqikrUpEU	https://i.ytimg.com/vi/ootqikrUpEU/hqdefault.jpg
【 #ロマサガ2 リメイク 】#9 ダンターグに二回ボコされてもめげないコソ練メイド【ロマンシング サガ2 リベンジオブザセブン】	https://www.youtube.com/watch?v=clIGQW0bW3E	https://i.ytimg.com/vi/clIGQW0bW3E/hqdefault.jpg
【 #ファンタジーゾーン 】永遠に色あせない傑作シューティングをクリアするメイド【＃レトロゲーム】	https://www.youtube.com/watch?v=OjTv3h98-rg	https://i.ytimg.com/vi/OjTv3h98-rg/hqdefault.jpg
【 #ワギャンランド】完全初見クリア耐久メイド、ウギャンランド二枠目【＃レトロゲーム】	https://www.youtube.com/watch?v=3XGxz2Bflqg	https://i.ytimg.com/vi/3XGxz2Bflqg/hqdefault.jpg
【 #ワギャンランド】完全初見クリア耐久メイド、ウギャンランド【＃レトロゲーム】	https://www.youtube.com/watch?v=9NqyQSaAQYM	https://i.ytimg.com/vi/9NqyQSaAQYM/hqdefault.jpg
【＃ドラゴンボールZ KAKAROT】希望の戦士編！一人ぼっちのトランクスに寄り添うメイド【＃完全初見】	https://www.youtube.com/watch?v=KulzSAnev_8	https://i.ytimg.com/vi/KulzSAnev_8/hqdefault.jpg
【＃ドラゴンボールZ】『神と神』同時視聴企画！【＃同時視聴】	https://www.youtube.com/watch?v=guuDeRJT_ys	https://i.ytimg.com/vi/guuDeRJT_ys/hqdefault.jpg
【 #ロマサガ2 リメイク 】#8 何が七英雄だ三英雄にしてやる【ロマンシング サガ2 リベンジオブザセブン】	https://www.youtube.com/watch?v=y5jvk6smPls	https://i.ytimg.com/vi/y5jvk6smPls/hqdefault.jpg
【 #ロックマン3】ワイリーステージ攻略！！なんでここにエアーマンが！？【Dr.ワイリーの最期!?】	https://www.youtube.com/watch?v=C3hWQaD3Onk	https://i.ytimg.com/vi/C3hWQaD3Onk/hqdefault.jpg
【 #ファイナルファイト】完全初見の「力」でいくメイド【＃レトロゲーム】	https://www.youtube.com/watch?v=rqTeFDArX80	https://i.ytimg.com/vi/rqTeFDArX80/hqdefault.jpg
【 #ロマサガ2 リメイク 】#7 なんかよくわからないうちに七英雄に次々にボコられまくる氷室うつろ【ロマンシング サガ2 リベンジオブザセブン】	https://www.youtube.com/watch?v=j4vXcKaxVis	https://i.ytimg.com/vi/j4vXcKaxVis/hqdefault.jpg
【 #ロックマン3】ワイリー絶対許さないレトロゲーマーメイド、シリーズ制覇への道【Dr.ワイリーの最期!?】	https://www.youtube.com/watch?v=QI9tqBNV1ag	https://i.ytimg.com/vi/QI9tqBNV1ag/hqdefault.jpg
【 #東方風神録 】完全初見！初めての東方VSゲーマーメイド【完全初見】	https://www.youtube.com/watch?v=ArSxt6o-0Aw	https://i.ytimg.com/vi/ArSxt6o-0Aw/hqdefault.jpg
【 #雑談 】ファミコンとスーファミの名作を布教してもらう夜会【まったり懐古していこう】	https://www.youtube.com/watch?v=NYZavY9GjuM	https://i.ytimg.com/vi/NYZavY9GjuM/hqdefault.jpg
【＃ドラゴンボールZ KAKAROT】TRUNKS- 希望の戦士−編開始！思えばお前が始まりだった【＃完全初見】	https://www.youtube.com/watch?v=YaAVhHUM4JY	https://i.ytimg.com/vi/YaAVhHUM4JY/hqdefault.jpg
【＃ドラゴンボールZ】『復活のフュージョン!!悟空とベジータ』同時視聴企画！【＃同時視聴】	https://www.youtube.com/watch?v=SC19JV5Kn40	https://i.ytimg.com/vi/SC19JV5Kn40/hqdefault.jpg
【 #ロマサガ2 リメイク 】#6 完全初見でイベント失敗しまくる泥臭いメイドの戦い【ロマンシング サガ2 リベンジオブザセブン】	https://www.youtube.com/watch?v=exTjieueOeI	https://i.ytimg.com/vi/exTjieueOeI/hqdefault.jpg
【 #魂斗羅 】クリア耐久！レトロゲーマーメイドが本気でやる魂斗羅【＃レトロゲーム】	https://www.youtube.com/watch?v=BpRy-r2bepE	https://i.ytimg.com/vi/BpRy-r2bepE/hqdefault.jpg
【 ＃メタルスラッグ】名作アーケードゲームを初見クリアするメイド【完全初見】	https://www.youtube.com/watch?v=5OOQtBabgPs	https://i.ytimg.com/vi/5OOQtBabgPs/hqdefault.jpg
【＃スーパードンキーコング2】アニマルランドクリアするまで寝ないメイド【完全初見】	https://www.youtube.com/watch?v=7h2YyFjcXY8	https://i.ytimg.com/vi/7h2YyFjcXY8/hqdefault.jpg
【 #ロマサガ2 リメイク 】#5 完全初見で人魚薬の為に今更宝石鉱山やる愛のリベサガ実況メイド【ロマンシング サガ2 リベンジオブザセブン】	https://www.youtube.com/watch?v=-ltu4SavIQE	https://i.ytimg.com/vi/-ltu4SavIQE/hqdefault.jpg
【＃ロックマン2】完全初見でエアーマンを倒した。ワイリーステージをクリアする！【Dr.ワイリーの謎】	https://www.youtube.com/watch?v=l5JsC7zwaks	https://i.ytimg.com/vi/l5JsC7zwaks/hqdefault.jpg
【＃ドラゴンボールZ KAKAROT】魔人ブウ編クリアまで！ベジータ、来世でコストコ行け【＃完全初見】	https://www.youtube.com/watch?v=HuoUUSnMlWI	https://i.ytimg.com/vi/HuoUUSnMlWI/hqdefault.jpg
【＃ロックマン2】完全初見で本物のエアーマンに会う【Dr.ワイリーの謎】	https://www.youtube.com/watch?v=2cWgp0D_yvU	https://i.ytimg.com/vi/2cWgp0D_yvU/hqdefault.jpg
【 #ロマサガ2 リメイク 】#4 完全初見で武装商船を力でわからせる最強のリベサガ実況メイド【ロマンシング サガ2 リベンジオブザセブン】	https://www.youtube.com/watch?v=LGPxcNN6TLY	https://i.ytimg.com/vi/LGPxcNN6TLY/hqdefault.jpg
【＃スーパードンキーコング2】ロストワールドやるぞ！帰ってきたスーパードンキーコング2【完全初見】	https://www.youtube.com/watch?v=zERTBIFH6CA	https://i.ytimg.com/vi/zERTBIFH6CA/hqdefault.jpg
【＃HumanFallFlat】神乃ひかり先輩と全世界待望の初コラボHFF！やっていくぞ【＃ヒューマンフォールフラット】	https://www.youtube.com/watch?v=yFROA2sxv2A	https://i.ytimg.com/vi/yFROA2sxv2A/hqdefault.jpg
【 #ロマサガ2 リメイク 】#3 完全初見でカンバーランド絶対救う最強のリベサガ実況をするメイド【ロマンシング サガ2 リベンジオブザセブン】	https://www.youtube.com/watch?v=iI05x_ArAw8	https://i.ytimg.com/vi/iI05x_ArAw8/hqdefault.jpg
【＃初見歓迎】三ヶ月記念！ご主人様が作ってくださった切り抜き動画を見よう！【＃うつ切り】	https://www.youtube.com/watch?v=ky4cLrkrqi0	https://i.ytimg.com/vi/ky4cLrkrqi0/hqdefault.jpg
【＃ドラゴンボールZ】『ドラゴンボールZ 燃えつきろ!!熱戦・烈戦・超激戦』同時視聴企画！【＃同時視聴】	https://www.youtube.com/watch?v=cmsmM8YiHtA	https://i.ytimg.com/vi/cmsmM8YiHtA/hqdefault.jpg
【＃ドラゴンボールZ KAKAROT】魔人ブウ編！ベジータ、ダーブラ倒せ。バーゲン行くな【＃完全初見】	https://www.youtube.com/watch?v=kGz7FU6Upr0	https://i.ytimg.com/vi/kGz7FU6Upr0/hqdefault.jpg
【＃Ib】令和に傑作ホラーゲームIb初見のやつおるぞ【完全初見／ネタバレあり】	https://www.youtube.com/watch?v=mjcEQSVbh6I	https://i.ytimg.com/vi/mjcEQSVbh6I/hqdefault.jpg
【 #ロマサガ2 リメイク 】#2 クジンシー再戦！世界で一番面白いリベサガ実況をするメイド【ロマンシング サガ2 リベンジオブザセブン】	https://www.youtube.com/watch?v=ReJzc5IZZqQ	https://i.ytimg.com/vi/ReJzc5IZZqQ/hqdefault.jpg
【＃カービィボウル】見るからに高難易度そうな謎の神ゲーに挑む【完全初見】	https://www.youtube.com/watch?v=jhlBFzaaX38	https://i.ytimg.com/vi/jhlBFzaaX38/hqdefault.jpg
【 #ロマサガ2 リメイク 】#1 完全初見！世界で一番面白いリベサガを見せるでございますよ【ロマンシング サガ2 リベンジオブザセブン】	https://www.youtube.com/watch?v=mVa-CJMInhM	https://i.ytimg.com/vi/mVa-CJMInhM/hqdefault.jpg
【＃風来のシレン6】超神髄ついに最終回！？40Fから99Fまで行く！！！【不思議のダンジョン 風来のシレン6 とぐろ島探検録】	https://www.youtube.com/watch?v=jYSll6uVtQ8	https://i.ytimg.com/vi/jYSll6uVtQ8/hqdefault.jpg
【＃ドラゴンボールZ KAKAROT】魔人ブウ編開始！わたくしを置き去りにして七年後【＃完全初見】	https://www.youtube.com/watch?v=QDoOSANe2uc	https://i.ytimg.com/vi/QDoOSANe2uc/hqdefault.jpg
【＃魔女の家】おい令和なのに魔女の家初見のやつおるぞ【名作ホラーゲーム】	https://www.youtube.com/watch?v=0gBtf0hJHIw	https://i.ytimg.com/vi/0gBtf0hJHIw/hqdefault.jpg
【＃風来のシレン6】えっ今日は超真髄クリアしていいのか！？【不思議のダンジョン 風来のシレン6 とぐろ島探検録】	https://www.youtube.com/watch?v=GBVnjVcUyAw	https://i.ytimg.com/vi/GBVnjVcUyAw/hqdefault.jpg
【＃ロックマン1】イエローデビルが倒せない、それでもクリアまでやる【＃初代ロックマン】	https://www.youtube.com/watch?v=rzqGCBW20MM	https://i.ytimg.com/vi/rzqGCBW20MM/hqdefault.jpg
【＃ロックマン1】初代ロックマンを完全初見でクリアするぞ！【＃初代ロックマン】	https://www.youtube.com/watch?v=kzK_m_ixyfU	https://i.ytimg.com/vi/kzK_m_ixyfU/hqdefault.jpg
【＃メンシ解放】メンバーシップ解放！宴だァアアアアアア！！！【星めぐり学園／氷室うつろ】	https://www.youtube.com/watch?v=U_utWcocHck	https://i.ytimg.com/vi/U_utWcocHck/hqdefault.jpg
【＃ドラゴンボールZ KAKAROT】愛憎のセルゲーム、誰でもいいから付き合いたい【＃完全初見】	https://www.youtube.com/watch?v=AXBFb7SVhyA	https://i.ytimg.com/vi/AXBFb7SVhyA/hqdefault.jpg
【＃青鬼】おい令和なのに青鬼初見のやつおるぞ【名作ホラーゲーム】	https://www.youtube.com/watch?v=q82NDPM_yTA	https://i.ytimg.com/vi/q82NDPM_yTA/hqdefault.jpg
【＃風来のシレン6】尺あまり超・神髄、一時間だけ！【不思議のダンジョン 風来のシレン6 とぐろ島探検録】	https://www.youtube.com/watch?v=RWSn3WPHNR0	https://i.ytimg.com/vi/RWSn3WPHNR0/hqdefault.jpg
【＃星のカービィ夢の泉の物語】完全初見でノーコンクリアまで！カービィシリーズ全制覇への道！【完全初見】	https://www.youtube.com/watch?v=sbvCzi59o5U	https://i.ytimg.com/vi/sbvCzi59o5U/hqdefault.jpg
氷室うつろがモニターを設置しながら雑談したり音声をチェックする枠	https://www.youtube.com/watch?v=_ifFhXrtj20	https://i.ytimg.com/vi/_ifFhXrtj20/hqdefault.jpg
【＃風来のシレン6】上振れ周回！苦労が報われる時が来た！クリアするぞ！【不思議のダンジョン 風来のシレン6 とぐろ島探検録】	https://www.youtube.com/watch?v=kvTDdehWrTs	https://i.ytimg.com/vi/kvTDdehWrTs/hqdefault.jpg
【＃1/8192】12時間耐久！初見もそうじゃない人もこの祭りを楽しもう！【地獄耐久】	https://www.youtube.com/watch?v=KjzeLFc-oF4	https://i.ytimg.com/vi/KjzeLFc-oF4/hqdefault.jpg
【＃NEEDYGIRLOVERDOSE】メンヘラVS陽キャアッパーメイド【完全初見】	https://www.youtube.com/watch?v=5OCsK9YJAuk	https://i.ytimg.com/vi/5OCsK9YJAuk/hqdefault.jpg
【＃ドラゴンボールZ KAKAROT】ベジータ結婚やめろ、人造人間倒せ【＃完全初見】	https://www.youtube.com/watch?v=cwTLJfu58Rk	https://i.ytimg.com/vi/cwTLJfu58Rk/hqdefault.jpg
【＃風来のシレン6】超・神髄挑戦史上最強上振れ来たか！？クリアを目指すメイド【不思議のダンジョン 風来のシレン6 とぐろ島探検録】	https://www.youtube.com/watch?v=CDl14nxDiHQ	https://i.ytimg.com/vi/CDl14nxDiHQ/hqdefault.jpg
【＃星のカービィ夢の泉の物語】コピー能力の始まり！懐かしの傑作を遊んでいくメイド【完全初見】	https://www.youtube.com/watch?v=s1eFAT58l0k	https://i.ytimg.com/vi/s1eFAT58l0k/hqdefault.jpg
【＃風来のシレン6】超・神髄絶対上振れて気持ちよくなる回【不思議のダンジョン 風来のシレン6 とぐろ島探検録】	https://www.youtube.com/watch?v=2_PkJ1RXbss	https://i.ytimg.com/vi/2_PkJ1RXbss/hqdefault.jpg
【＃風来のシレン6】わたくしに超・神髄やらせてくれ！！でございます【不思議のダンジョン 風来のシレン6 とぐろ島探検録】	https://www.youtube.com/watch?v=9LzMO7bg4MI	https://i.ytimg.com/vi/9LzMO7bg4MI/hqdefault.jpg
【＃スーパードンキーコング2】クリア耐久！名作レトロゲームを制するメイド【完全初見】	https://www.youtube.com/watch?v=kBE9UJKzsUY	https://i.ytimg.com/vi/kBE9UJKzsUY/hqdefault.jpg
【＃ドラゴンボールZ KAKAROT】人造人間編開始！サムネの人は誰でございますか？【＃完全初見】	https://www.youtube.com/watch?v=4MCEmLoXNp4	https://i.ytimg.com/vi/4MCEmLoXNp4/hqdefault.jpg
【＃雑談】就寝前の一時間雑談 うつろジオ＃6【星めぐり学園／氷室うつろ】	https://www.youtube.com/watch?v=p2kS5LJ2ml4	https://i.ytimg.com/vi/p2kS5LJ2ml4/hqdefault.jpg
【コメント参加型】Wikipediaの人気記事を当てろ！WikiArena【＃WikiArena】	https://www.youtube.com/watch?v=Y6UK7P889LE	https://i.ytimg.com/vi/Y6UK7P889LE/hqdefault.jpg
【＃パネルでポン】登録者1000人耐久！パネポンしている間だけマロ読みが出来る枠【耐久】	https://www.youtube.com/watch?v=5WL7FS5-LMA	https://i.ytimg.com/vi/5WL7FS5-LMA/hqdefault.jpg
【＃星のカービィ】エクストラゲームに決着をつけるメイド【＃クリア耐久】	https://www.youtube.com/watch?v=YGZOdxGpz_8	https://i.ytimg.com/vi/YGZOdxGpz_8/hqdefault.jpg
【＃星のカービィ】エクストラゲームをノーコンクリア挑戦するメイド【高難易度モード】	https://www.youtube.com/watch?v=kKTLQ_F64VQ	https://i.ytimg.com/vi/kKTLQ_F64VQ/hqdefault.jpg
【＃Bonesaw】誰もが知ってる子供の遊びで戦う悪魔とメイド【＃EarlyAccess】	https://www.youtube.com/watch?v=nSfAxan5zmo	https://i.ytimg.com/vi/nSfAxan5zmo/hqdefault.jpg
【＃ドラゴンボールZ KAKAROT】フリーザよ、聞け。破壊、やめろ【＃完全初見】	https://www.youtube.com/watch?v=eF7MS4t85rc	https://i.ytimg.com/vi/eF7MS4t85rc/hqdefault.jpg
【＃スーパードンキーコング2】5面後半から！完全初見でクリアを目指す！！【＃レトロゲーム】	https://www.youtube.com/watch?v=0NAb_FuIoOA	https://i.ytimg.com/vi/0NAb_FuIoOA/hqdefault.jpg
【＃初見歓迎】朝から話したいことがあるんだよ、このメイド【#vtuber #shorts】	https://www.youtube.com/watch?v=2ccruba-d64	https://i.ytimg.com/vi/2ccruba-d64/hqdefault.jpg
【＃スーパードンキーコング2】4面から！完全初見でクリアを目指す！！【＃レトロゲーム】	https://www.youtube.com/watch?v=_wYlTQb_T-o	https://i.ytimg.com/vi/_wYlTQb_T-o/hqdefault.jpg
【#DARKSOULSREMASTERED】日付が変わる前にフロム大好きメイドがなるべく急いでクリアするダクソ【星めぐり学園／氷室うつろ】	https://www.youtube.com/watch?v=atYvBvTqWR8	https://i.ytimg.com/vi/atYvBvTqWR8/hqdefault.jpg
【＃呪われたデジカメ】ご主人様〜撮って撮って〜でございます【チラズアート】	https://www.youtube.com/watch?v=IzWzgYFprc4	https://i.ytimg.com/vi/IzWzgYFprc4/hqdefault.jpg
【＃スーパードンキーコング2】完全初見でクリアを目指す！！シリーズコンプリートへ！【完全初見】	https://www.youtube.com/watch?v=aTNXrzpVRFI	https://i.ytimg.com/vi/aTNXrzpVRFI/hqdefault.jpg
【＃風来のシレン6】超神髄、やるんだよ【不思議のダンジョン 風来のシレン6 とぐろ島探検録】	https://www.youtube.com/watch?v=K1n9UPz-RoY	https://i.ytimg.com/vi/K1n9UPz-RoY/hqdefault.jpg
【＃ドーナツの穴】みんなで答えのない問いについて考える氷室うつろ【思考実験】	https://www.youtube.com/watch?v=gPK_8we-cS8	https://i.ytimg.com/vi/gPK_8we-cS8/hqdefault.jpg
【＃いるかにうろこがないわけ】超高難易度シューティングをクリアしているかにうろこがないわけを知る【高難易度シューティング】	https://www.youtube.com/watch?v=mSW3NZIoKy8	https://i.ytimg.com/vi/mSW3NZIoKy8/hqdefault.jpg
【＃ドラゴンボールZ KAKAROT】ナメック星に行く悟空と悟飯と一般旅行者メイド【＃完全初見】	https://www.youtube.com/watch?v=Fw0AtMiIFdA	https://i.ytimg.com/vi/Fw0AtMiIFdA/hqdefault.jpg
【＃8番出口】8番シリーズを二作続けてプレイする【＃8番のりば】	https://www.youtube.com/watch?v=7ORkKA2pUeU	https://i.ytimg.com/vi/7ORkKA2pUeU/hqdefault.jpg
【＃スーパードンキーコング】完全初見クリア耐久！今日中に終わらせるぞ【星めぐり学園／氷室うつろ】	https://www.youtube.com/watch?v=d6g2x1cqdgY	https://i.ytimg.com/vi/d6g2x1cqdgY/hqdefault.jpg
【＃風来のシレン6】あけまして超・神髄。みなさまのうつろが帰って参りました【新年配信】	https://www.youtube.com/watch?v=A8x-vQ16MHA	https://i.ytimg.com/vi/A8x-vQ16MHA/hqdefault.jpg
【新年配信】氷室pngろちゃんの新年のご挨拶【pngってなんでございますか？】	https://www.youtube.com/watch?v=8u-OV26OQmo	https://i.ytimg.com/vi/8u-OV26OQmo/hqdefault.jpg
【＃ご挨拶】2024年最後の配信！ありがとうございましたご主人様。【星めぐり学園/氷室うつろ】	https://www.youtube.com/watch?v=yO7fO57phfU	https://i.ytimg.com/vi/yO7fO57phfU/hqdefault.jpg
【＃p.i. 】身バレしたら死ぬ状況でルームツアーするホラゲ【新作ホラゲ】	https://www.youtube.com/watch?v=7XbKOWQLtlY	https://i.ytimg.com/vi/7XbKOWQLtlY/hqdefault.jpg
【＃風来のシレン6】超神髄という地獄で年末の禊をする【プチ耐久】	https://www.youtube.com/watch?v=X_YED9YRmVU	https://i.ytimg.com/vi/X_YED9YRmVU/hqdefault.jpg
【収益化記念配信】氷室うつろとご主人様のどうでもいい日々の話【星めぐり学園／氷室うつろ】	https://www.youtube.com/watch?v=2GkY_Z2et2I	https://i.ytimg.com/vi/2GkY_Z2et2I/hqdefault.jpg
【＃風来のシレン6】超神髄ついにクリアか！？【耐久】	https://www.youtube.com/watch?v=LLo5pkI7eXA	https://i.ytimg.com/vi/LLo5pkI7eXA/hqdefault.jpg
【＃風来のシレン6】朝まで超神髄クリスマス【朝まで耐久】	https://www.youtube.com/watch?v=HzTmg9iI8Ck	https://i.ytimg.com/vi/HzTmg9iI8Ck/hqdefault.jpg
【＃大魔界村】大魔界村クリアするまで終わらないクリスマス【クリア耐久】	https://www.youtube.com/watch?v=XevCUnIkFIg	https://i.ytimg.com/vi/XevCUnIkFIg/hqdefault.jpg
【＃雑談】就寝前の一時間雑談 うつろジオ＃５【星めぐり学園／氷室うつろ】	https://www.youtube.com/watch?v=ZLjGkStOLTY	https://i.ytimg.com/vi/ZLjGkStOLTY/hqdefault.jpg
【＃風来のシレン6】超神髄を、やる【超神髄】	https://www.youtube.com/watch?v=ASuwAVv6Sc8	https://i.ytimg.com/vi/ASuwAVv6Sc8/hqdefault.jpg
【＃POOLS】奇妙でエモいプールを見ながら話しましょうよ【星めぐり学園／氷室うつろ】	https://www.youtube.com/watch?v=Dhbpty_X4us	https://i.ytimg.com/vi/Dhbpty_X4us/hqdefault.jpg
【＃スーパーマリオブラザーズ】18時までに初代マリオ完全クリアを目指す【ノーノーマリオ】	https://www.youtube.com/watch?v=zcGlO6RYKKU	https://i.ytimg.com/vi/zcGlO6RYKKU/hqdefault.jpg
【#歌ってみた】モエチャッカファイア／弌誠　covered by 氷室うつろ	https://www.youtube.com/watch?v=yOVj8LdoILY	https://i.ytimg.com/vi/yOVj8LdoILY/hqdefault.jpg
【＃漢字でGO! 集英社マンガ祭 】漢検準一級でも歯が立たない技名漢字に挑め【氷室うつろ】	https://www.youtube.com/watch?v=m56tQCD2V50	https://i.ytimg.com/vi/m56tQCD2V50/hqdefault.jpg
【完全初見】悟空を三時間待ちわびる男たちとメイド【＃ドラゴンボールZ KAKAROT】	https://www.youtube.com/watch?v=ZWjIR7kD0AI	https://i.ytimg.com/vi/ZWjIR7kD0AI/hqdefault.jpg
【＃風来のシレン6】超神髄をクリアする・プチ耐久【プチ耐久】	https://www.youtube.com/watch?v=uajzsTNt6Cs	https://i.ytimg.com/vi/uajzsTNt6Cs/hqdefault.jpg
【＃雑談】就寝前の一時間雑談 うつろジオ＃４【星めぐり学園／氷室うつろ】	https://www.youtube.com/watch?v=mq-SQZlfcdY	https://i.ytimg.com/vi/mq-SQZlfcdY/hqdefault.jpg
【＃風来のシレン6】超神髄を攻略する【今日はのんびり挑戦】	https://www.youtube.com/watch?v=IQkpZXs-mQE	https://i.ytimg.com/vi/IQkpZXs-mQE/hqdefault.jpg
【＃超魔界村】超魔界村クリアするまで終わらない耐久、これで決める【クリア耐久】	https://www.youtube.com/watch?v=IZMzBkLvceg	https://i.ytimg.com/vi/IZMzBkLvceg/hqdefault.jpg
【＃超魔界村】超魔界村クリアするまで終わらない耐久【クリア耐久】	https://www.youtube.com/watch?v=nDUu-MUT8t4	https://i.ytimg.com/vi/nDUu-MUT8t4/hqdefault.jpg
【＃超魔界村】超魔界村クリアするまで終わらない耐久【クリア耐久】	https://www.youtube.com/watch?v=Ldp-SAiJif0	https://i.ytimg.com/vi/Ldp-SAiJif0/hqdefault.jpg
【完全初見】人生初のドラゴンボールなのにラディッツにボコされている【＃ドラゴンボールZ KAKAROT】	https://www.youtube.com/watch?v=pwuNcXw_0wU	https://i.ytimg.com/vi/pwuNcXw_0wU/hqdefault.jpg
【＃雑談】就寝前の一時間雑談 うつろジオ＃３【星めぐり学園／氷室うつろ】	https://www.youtube.com/watch?v=823ZbScXUHY	https://i.ytimg.com/vi/823ZbScXUHY/hqdefault.jpg
【＃超魔界村】はじめての入村！本当に鬼畜ゲームなのか？【初見実況・氷室うつろ】	https://www.youtube.com/watch?v=Z7X2k2yxTgQ	https://i.ytimg.com/vi/Z7X2k2yxTgQ/hqdefault.jpg
【＃風来のシレン6】超神髄に取り憑かれたメイド【プチ耐久】	https://www.youtube.com/watch?v=bBzrdG9lcQA	https://i.ytimg.com/vi/bBzrdG9lcQA/hqdefault.jpg
【＃Shorts】縦型朝枠で朝を乗り切るメイド【＃初見歓迎】	https://www.youtube.com/watch?v=axRiCI89FNY	https://i.ytimg.com/vi/axRiCI89FNY/hqdefault.jpg
【＃世界で一番操作性が悪いゲーム】うつろの耐久試験【初見】	https://www.youtube.com/watch?v=VrDGSxRM724	https://i.ytimg.com/vi/VrDGSxRM724/hqdefault.jpg
【＃風来のシレン6】超神髄から逃げない・長時間耐久【耐久】	https://www.youtube.com/watch?v=EXmkePorHtk	https://i.ytimg.com/vi/EXmkePorHtk/hqdefault.jpg
【＃風来のシレン6】超神髄をクリアする・長時間耐久【耐久】	https://www.youtube.com/watch?v=unD0maeqqww	https://i.ytimg.com/vi/unD0maeqqww/hqdefault.jpg
【#雑談】就寝前の一時間雑談 うつろジオ＃２【＃一時間雑談】	https://www.youtube.com/watch?v=mH_P8Q-wa5c	https://i.ytimg.com/vi/mH_P8Q-wa5c/hqdefault.jpg
【完全初見】人生初のドラゴンボール！ミリ知らメイドの世界が変わる旅【＃ドラゴンボールZ KAKAROT】	https://www.youtube.com/watch?v=Xz7_e_zd_M4	https://i.ytimg.com/vi/Xz7_e_zd_M4/hqdefault.jpg
【縦型朝活】みなさまの朝を応援する雑談メイドでございます【＃初見歓迎】	https://www.youtube.com/watch?v=tOv4HtGwK0U	https://i.ytimg.com/vi/tOv4HtGwK0U/hqdefault.jpg
【初見完走】死を待つしかない宇宙船に乗るメイド【#MOUTHWASHING】	https://www.youtube.com/watch?v=iu1tEfZomM0	https://i.ytimg.com/vi/iu1tEfZomM0/hqdefault.jpg
【初見完勝目標】ロシアンルーレットVSメイド【Buckshot Roulette 】	https://www.youtube.com/watch?v=beVWejTqckc	https://i.ytimg.com/vi/beVWejTqckc/hqdefault.jpg
【＃風来のシレン6】新人VTuberが超神髄をクリアする【プレイ時間300時間】	https://www.youtube.com/watch?v=7PBAU0b9oGI	https://i.ytimg.com/vi/7PBAU0b9oGI/hqdefault.jpg
【現役TCGプレイヤーが】夢のカドショ経営をするぞ！【TCG Card Shop Simulator 】	https://www.youtube.com/watch?v=FLTueiF8mHc	https://i.ytimg.com/vi/FLTueiF8mHc/hqdefault.jpg
【一時間雑談】就寝前にしゃべり倒そう！三面図公開もあるよ【うつろジオ＃1】	https://www.youtube.com/watch?v=th9lsQGrPAU	https://i.ytimg.com/vi/th9lsQGrPAU/hqdefault.jpg
【本当に？】絶対に幽霊なんて出ないエレベーターがあるそうですよ？【絶対に幽霊なんて出ない高層エレベーター】	https://www.youtube.com/watch?v=8_8Yg3swP1Y	https://i.ytimg.com/vi/8_8Yg3swP1Y/hqdefault.jpg
【リスホッチキス】死んだ妻にリスを貼り付けて蘇生させよう！！【Squirrel Stapler】	https://www.youtube.com/watch?v=OjYzHNqPJD0	https://i.ytimg.com/vi/OjYzHNqPJD0/hqdefault.jpg
Utsuro CH. 氷室うつろ のライブ配信	https://www.youtube.com/watch?v=iV6OQe1GRpw	https://i.ytimg.com/vi/iV6OQe1GRpw/hqdefault_live.jpg
【縦型雑談】わたくしが縦になるところ一時間だけ見てて【デビュー３日目】	https://www.youtube.com/watch?v=daJOVTvdik4	https://i.ytimg.com/vi/daJOVTvdik4/hqdefault.jpg
【NG無し】謎すぎる氷室うつろを知ろう！【マシュマロ読み】	https://www.youtube.com/watch?v=WjR5afUj_nE	https://i.ytimg.com/vi/WjR5afUj_nE/hqdefault.jpg
【#これぞ星めぐり学園歌枠リレー】昨　日　デ　ビ　ュ　ー　し　た　メ　イ　ド　の　人　生　初　歌　枠【星めぐり学園/氷室うつろ】	https://www.youtube.com/watch?v=06m2pI1BgMU	https://i.ytimg.com/vi/06m2pI1BgMU/hqdefault.jpg
うつろの週間予定表	https://www.youtube.com/watch?v=5-ZSmbdzoAs	https://i.ytimg.com/vi/5-ZSmbdzoAs/hqdefault_live.jpg
【初配信】みなさま、氷室うつろが来ましたよ。【星めぐり学園／氷室うつろ】	https://www.youtube.com/watch?v=8ltNOnjUi60	https://i.ytimg.com/vi/8ltNOnjUi60/hqdefault.jpg
